USERID,ACTIVE,CREATEDATE,LASTLOGIN,ROLE,SOURCE,STATE
5ff1e194b6a9d73a3a9f1052,TRUE,2021-01-03 10:24:04,2021-01-03 10:25:37,consumer,Email,WI
5ff1e194b6a9d73a3a9f1052,TRUE,2021-01-03 10:24:04,2021-01-03 10:25:37,consumer,Email,WI
5ff1e194b6a9d73a3a9f1052,TRUE,2021-01-03 10:24:04,2021-01-03 10:25:37,consumer,Email,WI
5ff1e1eacfcf6c399c274ae6,TRUE,2021-01-03 10:25:30,2021-01-03 10:25:30,consumer,Email,WI
5ff1e194b6a9d73a3a9f1052,TRUE,2021-01-03 10:24:04,2021-01-03 10:25:37,consumer,Email,WI
5ff1e194b6a9d73a3a9f1052,TRUE,2021-01-03 10:24:04,2021-01-03 10:25:37,consumer,Email,WI
5ff1e1e8cfcf6c399c274ad9,TRUE,2021-01-03 10:25:28,2021-01-03 10:25:28,consumer,Email,WI
5ff1e1b7cfcf6c399c274a5a,TRUE,2021-01-03 10:24:39,2021-01-03 10:24:39,consumer,Email,WI
5ff1e194b6a9d73a3a9f1052,TRUE,2021-01-03 10:24:04,2021-01-03 10:25:37,consumer,Email,WI
5ff1e1f1cfcf6c399c274b0b,TRUE,2021-01-03 10:25:37,2021-01-03 10:25:37,consumer,Email,WI
5ff1e194b6a9d73a3a9f1052,TRUE,2021-01-03 10:24:04,2021-01-03 10:25:37,consumer,Email,WI
5ff1e1eacfcf6c399c274ae6,TRUE,2021-01-03 10:25:30,2021-01-03 10:25:30,consumer,Email,WI
5ff1e194b6a9d73a3a9f1052,TRUE,2021-01-03 10:24:04,2021-01-03 10:25:37,consumer,Email,WI
5ff1e1eacfcf6c399c274ae6,TRUE,2021-01-03 10:25:30,2021-01-03 10:25:30,consumer,Email,WI
5ff1e194b6a9d73a3a9f1052,TRUE,2021-01-03 10:24:04,2021-01-03 10:25:37,consumer,Email,WI
5ff1e194b6a9d73a3a9f1052,TRUE,2021-01-03 10:24:04,2021-01-03 10:25:37,consumer,Email,WI
5ff1e1e4cfcf6c399c274ac3,TRUE,2021-01-03 10:25:24,2021-01-03 10:25:24,consumer,Email,WI
5ff1e1b4cfcf6c399c274a54,TRUE,2021-01-03 10:24:36,2021-01-03 10:24:36,consumer,Email,WI
5ff1e1eacfcf6c399c274ae6,TRUE,2021-01-03 10:25:30,2021-01-03 10:25:30,consumer,Email,WI
5ff1e194b6a9d73a3a9f1052,TRUE,2021-01-03 10:24:04,2021-01-03 10:25:37,consumer,Email,WI
5ff370c562fde912123a5e0e,TRUE,2021-01-04 14:47:17,2021-01-04 14:50:50,consumer,Email,WI
5ff36d0362fde912123a5535,TRUE,2021-01-04 14:31:15,2021-01-04 14:34:42,consumer,Email,WI
5ff36d83135e7011bcb864d6,TRUE,2021-01-04 14:33:23,2021-01-04 14:33:23,consumer,Email,WI
5ff36c8862fde912123a538a,TRUE,2021-01-04 14:29:12,2021-01-04 14:29:13,consumer,Email,WI
5ff370c562fde912123a5e0e,TRUE,2021-01-04 14:47:17,2021-01-04 14:50:50,consumer,Email,WI
5ff36be7135e7011bcb856d3,TRUE,2021-01-04 14:26:31,2021-01-04 14:29:52,consumer,Email,WI
5ff36d0362fde912123a5535,TRUE,2021-01-04 14:31:15,2021-01-04 14:34:42,consumer,Email,WI
5ff36be7135e7011bcb856d3,TRUE,2021-01-04 14:26:31,2021-01-04 14:29:52,consumer,Email,WI
5ff36a3862fde912123a4460,TRUE,2021-01-04 14:19:20,2021-01-04 14:23:05,consumer,Email,WI
5ff36d0362fde912123a5535,TRUE,2021-01-04 14:31:15,2021-01-04 14:34:42,consumer,Email,WI
5ff36c8e135e7011bcb85da4,TRUE,2021-01-04 14:29:18,2021-01-04 14:29:19,consumer,Email,WI
5ff36a3862fde912123a4460,TRUE,2021-01-04 14:19:20,2021-01-04 14:23:05,consumer,Email,WI
5ff370c562fde912123a5e0e,TRUE,2021-01-04 14:47:17,2021-01-04 14:50:50,consumer,Email,WI
5ff36a3862fde912123a4460,TRUE,2021-01-04 14:19:20,2021-01-04 14:23:05,consumer,Email,WI
5ff36a3862fde912123a4460,TRUE,2021-01-04 14:19:20,2021-01-04 14:23:05,consumer,Email,WI
5ff370c562fde912123a5e0e,TRUE,2021-01-04 14:47:17,2021-01-04 14:50:50,consumer,Email,WI
5ff36a3862fde912123a4460,TRUE,2021-01-04 14:19:20,2021-01-04 14:23:05,consumer,Email,WI
5ff370c562fde912123a5e0e,TRUE,2021-01-04 14:47:17,2021-01-04 14:50:50,consumer,Email,WI
5ff3711e62fde912123a620e,TRUE,2021-01-04 14:48:46,2021-01-04 14:48:46,consumer,Email,WI
5ff36be7135e7011bcb856d3,TRUE,2021-01-04 14:26:31,2021-01-04 14:29:52,consumer,Email,WI
5ff4ce33c3d63511e2a484b6,TRUE,2021-01-05 15:38:11,2021-01-05 15:39:55,consumer,Email,WI
5ff473e7c1e2d0121a9b2697,TRUE,2021-01-05 9:12:55,2021-01-05 9:12:55,consumer,Email,WI
5ff47392c3d63511e2a47881,TRUE,2021-01-05 9:11:30,2021-01-05 9:15:33,consumer,Email,WI
5ff47392c3d63511e2a47881,TRUE,2021-01-05 9:11:30,2021-01-05 9:15:33,consumer,Email,WI
5ff4ce33c3d63511e2a484b6,TRUE,2021-01-05 15:38:11,2021-01-05 15:39:55,consumer,Email,WI
5ff4ce91c1e2d0121a9b3057,TRUE,2021-01-05 15:39:45,2021-01-05 15:39:45,consumer,Email,WI
5ff47392c3d63511e2a47881,TRUE,2021-01-05 9:11:30,2021-01-05 9:15:33,consumer,Email,WI
5ff4ce3dc3d63511e2a484dc,TRUE,2021-01-05 15:38:21,2021-01-05 15:38:21,consumer,Email,WI
5ff4ce33c3d63511e2a484b6,TRUE,2021-01-05 15:38:11,2021-01-05 15:39:55,consumer,Email,WI
5ff4ce3dc3d63511e2a484dc,TRUE,2021-01-05 15:38:21,2021-01-05 15:38:21,consumer,Email,WI
5ff4ce33c3d63511e2a484b6,TRUE,2021-01-05 15:38:11,2021-01-05 15:39:55,consumer,Email,WI
5ff47392c3d63511e2a47881,TRUE,2021-01-05 9:11:30,2021-01-05 9:15:33,consumer,Email,WI
5ff4ce3dc3d63511e2a484dc,TRUE,2021-01-05 15:38:21,2021-01-05 15:38:21,consumer,Email,WI
5ff4ce3dc3d63511e2a484dc,TRUE,2021-01-05 15:38:21,2021-01-05 15:38:21,consumer,Email,WI
5ff4ce33c3d63511e2a484b6,TRUE,2021-01-05 15:38:11,2021-01-05 15:39:55,consumer,Email,WI
5ff4ce34c3d63511e2a484ba,TRUE,2021-01-05 15:38:12,2021-01-05 15:38:12,consumer,Email,WI
5ff4ce33c3d63511e2a484b6,TRUE,2021-01-05 15:38:11,2021-01-05 15:39:55,consumer,Email,WI
5ff4ce33c3d63511e2a484b6,TRUE,2021-01-05 15:38:11,2021-01-05 15:39:55,consumer,Email,WI
5ff4ce3ac1e2d0121a9b2fb3,TRUE,2021-01-05 15:38:18,2021-01-05 15:38:18,consumer,Email,WI
5ff47392c3d63511e2a47881,TRUE,2021-01-05 9:11:30,2021-01-05 9:15:33,consumer,Email,WI
5ff5d15aeb7c7d12096d91a2,TRUE,2021-01-06 10:03:54,2021-01-06 10:08:10,consumer,Email,WI
5ff5d15aeb7c7d12096d91a2,TRUE,2021-01-06 10:03:54,2021-01-06 10:08:10,consumer,Email,WI
5ff5d15aeb7c7d12096d91a2,TRUE,2021-01-06 10:03:54,2021-01-06 10:08:10,consumer,Email,WI
5ff5d15aeb7c7d12096d91a2,TRUE,2021-01-06 10:03:54,2021-01-06 10:08:10,consumer,Email,WI
5ff5d15aeb7c7d12096d91a2,TRUE,2021-01-06 10:03:54,2021-01-06 10:08:10,consumer,Email,WI
5ff5d15aeb7c7d12096d91a2,TRUE,2021-01-06 10:03:54,2021-01-06 10:08:10,consumer,Email,WI
5ff5d1a38f142f11dd1886ba,TRUE,2021-01-06 10:05:07,2021-01-06 10:05:07,consumer,Email,WI
5ff5d15aeb7c7d12096d91a2,TRUE,2021-01-06 10:03:54,2021-01-06 10:08:10,consumer,Email,WI
5ff5d15aeb7c7d12096d91a2,TRUE,2021-01-06 10:03:54,2021-01-06 10:08:10,consumer,Email,WI
5ff5d15aeb7c7d12096d91a2,TRUE,2021-01-06 10:03:54,2021-01-06 10:08:10,consumer,Email,WI
5ff5d15aeb7c7d12096d91a2,TRUE,2021-01-06 10:03:54,2021-01-06 10:08:10,consumer,Email,WI
5ff5d15aeb7c7d12096d91a2,TRUE,2021-01-06 10:03:54,2021-01-06 10:08:10,consumer,Email,WI
5ff5d15aeb7c7d12096d91a2,TRUE,2021-01-06 10:03:54,2021-01-06 10:08:10,consumer,Email,WI
5ff5d15aeb7c7d12096d91a2,TRUE,2021-01-06 10:03:54,2021-01-06 10:08:10,consumer,Email,WI
5ff5d15aeb7c7d12096d91a2,TRUE,2021-01-06 10:03:54,2021-01-06 10:08:10,consumer,Email,WI
5ff5d15aeb7c7d12096d91a2,TRUE,2021-01-06 10:03:54,2021-01-06 10:08:10,consumer,Email,WI
5ff5d1d08f142f11dd18884c,TRUE,2021-01-06 10:05:52,2021-01-06 10:05:52,consumer,Email,WI
5ff5d15aeb7c7d12096d91a2,TRUE,2021-01-06 10:03:54,2021-01-06 10:08:10,consumer,Email,WI
5ff5d15aeb7c7d12096d91a2,TRUE,2021-01-06 10:03:54,2021-01-06 10:08:10,consumer,Email,WI
5ff5d15aeb7c7d12096d91a2,TRUE,2021-01-06 10:03:54,2021-01-06 10:08:10,consumer,Email,WI
5ff7264e8f142f11dd189504,TRUE,2021-01-07 10:18:38,2021-01-07 10:20:26,consumer,Email,WI
5ff7401ceb7c7d31ca8a46e0,TRUE,2021-01-07 12:08:44,2021-01-07 12:08:44,consumer,Email,WI
5ff73bea8f142f3276c3e84a,TRUE,2021-01-07 11:50:50,2021-01-07 11:50:50,consumer,Email,WI
5ff74f3db3348b11c93361d1,TRUE,2021-01-07 13:13:17,2021-01-07 13:17:03,consumer,Email,WI
5ff7264e8f142f11dd189504,TRUE,2021-01-07 10:18:38,2021-01-07 10:20:26,consumer,Email,WI
5ff73b90eb7c7d31ca8a452b,TRUE,2021-01-07 11:49:20,2021-01-07 11:51:07,consumer,Email,WI
5ff7930fb3348b11c93372a6,TRUE,2021-01-07 18:02:39,2021-01-07 18:09:54,consumer,Email,WI
5ff7268eeb7c7d12096da2a9,TRUE,2021-01-07 10:19:42,2021-01-07 10:19:42,consumer,Email,WI
5ff7268eeb7c7d12096da2a9,TRUE,2021-01-07 10:19:42,2021-01-07 10:19:42,consumer,Email,WI
5ff7264e8f142f11dd189504,TRUE,2021-01-07 10:18:38,2021-01-07 10:20:26,consumer,Email,WI
5ff7930fb3348b11c93372a6,TRUE,2021-01-07 18:02:39,2021-01-07 18:09:54,consumer,Email,WI
5ff726a0eb7c7d12096da2db,TRUE,2021-01-07 10:20:00,2021-01-07 10:20:00,consumer,Email,WI
5ff793dd04929111f6e90c69,TRUE,2021-01-07 18:06:05,2021-01-07 18:06:05,consumer,Email,WI
5ff7949eb3348b11c93373d2,TRUE,2021-01-07 18:09:18,2021-01-07 18:09:18,consumer,Email,WI
5ff7268c8f142f11dd189579,TRUE,2021-01-07 10:19:40,2021-01-07 10:19:40,consumer,Email,WI
5ff73b90eb7c7d31ca8a452b,TRUE,2021-01-07 11:49:20,2021-01-07 11:51:07,consumer,Email,WI
5ff7264e8f142f11dd189504,TRUE,2021-01-07 10:18:38,2021-01-07 10:20:26,consumer,Email,WI
5ff616a68f142f11dd189163,TRUE,2021-01-06 14:59:34,,consumer,Email,KY
5ff7930fb3348b11c93372a6,TRUE,2021-01-07 18:02:39,2021-01-07 18:09:54,consumer,Email,WI
5ff79464b3348b11c933738b,TRUE,2021-01-07 18:08:20,2021-01-07 18:08:20,consumer,Email,WI
5ff8c241b3348b11c93379fc,TRUE,2021-01-08 15:36:17,2021-01-08 15:36:17,consumer,Email,WI
5ff8ce8504929111f6e913cb,TRUE,2021-01-08 16:28:37,2021-01-08 16:29:59,consumer,Email,WI
5ff8ce8504929111f6e913cb,TRUE,2021-01-08 16:28:37,2021-01-08 16:29:59,consumer,Email,WI
5ff873d1b3348b11c9337716,TRUE,2021-01-08 10:01:37,2021-01-08 10:03:21,consumer,Email,WI
5ff873ef04929111f6e910f0,TRUE,2021-01-08 10:02:07,2021-01-08 10:02:07,consumer,Email,WI
5ff8c4e8b3348b11c9337a11,TRUE,2021-01-08 15:47:36,2021-01-08 15:47:37,consumer,Email,WI
5ff873d1b3348b11c9337716,TRUE,2021-01-08 10:01:37,2021-01-08 10:03:21,consumer,Email,WI
5ff8da28b3348b11c9337ac6,TRUE,2021-01-08 17:18:16,2021-01-08 17:19:49,consumer,Email,WI
5ff8da7db3348b11c9337b6a,TRUE,2021-01-08 17:19:41,2021-01-08 17:19:41,consumer,Email,WI
5ff873ddb3348b11c9337733,TRUE,2021-01-08 10:01:49,2021-01-08 10:01:49,consumer,Email,WI
5ff8a11db3348b11c93378aa,TRUE,2021-01-08 13:14:53,2021-01-08 13:14:53,consumer,Email,WI
5ff873d1b3348b11c9337716,TRUE,2021-01-08 10:01:37,2021-01-08 10:03:21,consumer,Email,WI
5ff873d1b3348b11c9337716,TRUE,2021-01-08 10:01:37,2021-01-08 10:03:21,consumer,Email,WI
5ff873d1b3348b11c9337716,TRUE,2021-01-08 10:01:37,2021-01-08 10:03:21,consumer,Email,WI
5ff8ce8504929111f6e913cb,TRUE,2021-01-08 16:28:37,2021-01-08 16:29:59,consumer,Email,WI
5ff8d634b3348b11c9337aa4,TRUE,2021-01-08 17:01:24,2021-01-08 17:01:24,consumer,Email,WI
5ff8da28b3348b11c9337ac6,TRUE,2021-01-08 17:18:16,2021-01-08 17:19:49,consumer,Email,WI
5ff8c330b3348b11c9337a04,TRUE,2021-01-08 15:40:16,2021-01-08 15:40:16,consumer,Email,WI
5ff873ddb3348b11c9337733,TRUE,2021-01-08 10:01:49,2021-01-08 10:01:49,consumer,Email,WI
5ff8da7eb3348b11c9337b72,TRUE,2021-01-08 17:19:42,2021-01-08 17:19:42,consumer,Email,WI
5ffcb47d04929111f6e9256c,TRUE,2021-01-11 15:26:37,2021-01-11 15:28:21,consumer,Email,WI
5ffc8ff9b3348b11c9338896,TRUE,2021-01-11 12:50:49,2021-01-11 12:50:49,consumer,Email,WI
5ffc8f9704929111f6e922bf,TRUE,2021-01-11 12:49:11,2021-01-11 12:50:56,consumer,Email,WI
5ffc9001b3348b11c93388b6,TRUE,2021-01-11 12:50:57,2021-01-11 12:50:57,consumer,Email,WI
5ffc8ff9b3348b11c9338896,TRUE,2021-01-11 12:50:49,2021-01-11 12:50:49,consumer,Email,WI
5ffc8f9704929111f6e922bf,TRUE,2021-01-11 12:49:11,2021-01-11 12:50:56,consumer,Email,WI
5ffc8f9704929111f6e922bf,TRUE,2021-01-11 12:49:11,2021-01-11 12:50:56,consumer,Email,WI
5ffc8ff9b3348b11c9338896,TRUE,2021-01-11 12:50:49,2021-01-11 12:50:49,consumer,Email,WI
5ffc8ff9b3348b11c9338896,TRUE,2021-01-11 12:50:49,2021-01-11 12:50:49,consumer,Email,WI
5ffcb4bc04929111f6e92608,TRUE,2021-01-11 15:27:40,2021-01-11 15:27:40,consumer,Email,WI
5ffc9d87b3348b11c9338920,TRUE,2021-01-11 13:48:39,2021-01-11 13:50:13,consumer,Email,WI
5ffc8f9704929111f6e922bf,TRUE,2021-01-11 12:49:11,2021-01-11 12:50:56,consumer,Email,WI
5ffc9d87b3348b11c9338920,TRUE,2021-01-11 13:48:39,2021-01-11 13:50:13,consumer,Email,WI
5ffcb47d04929111f6e9256c,TRUE,2021-01-11 15:26:37,2021-01-11 15:28:21,consumer,Email,WI
5ffc9d87b3348b11c9338920,TRUE,2021-01-11 13:48:39,2021-01-11 13:50:13,consumer,Email,WI
5ffc8f9704929111f6e922bf,TRUE,2021-01-11 12:49:11,2021-01-11 12:50:56,consumer,Email,WI
5ffcb4bc04929111f6e92608,TRUE,2021-01-11 15:27:40,2021-01-11 15:27:40,consumer,Email,WI
5ffc8f9704929111f6e922bf,TRUE,2021-01-11 12:49:11,2021-01-11 12:50:56,consumer,Email,WI
5ffc9d9f04929111f6e92456,TRUE,2021-01-11 13:49:03,2021-01-11 13:49:03,consumer,Email,WI
5ffca30604929111f6e92525,TRUE,2021-01-11 14:12:06,2021-01-11 14:12:06,consumer,Email,WI
5fff0f9804929101d0ab0697,TRUE,2021-01-13 10:19:52,2021-01-13 10:19:52,consumer,Email,WI
5fff0f4fb3348b03eb45abb0,TRUE,2021-01-13 10:18:39,2021-01-13 10:22:02,consumer,Email,WI
5fff4beedf9ace121f0c17ea,TRUE,2021-01-13 14:37:18,2021-01-13 14:41:12,consumer,Email,WI
5ffe115404929101d0aaebb2,TRUE,2021-01-12 16:15:00,,consumer,Email,AL
5fff55dabd4dff11dda8f5f1,TRUE,2021-01-13 15:19:38,2021-01-13 15:23:26,consumer,Email,WI
5fff0f4fb3348b03eb45abb0,TRUE,2021-01-13 10:18:39,2021-01-13 10:22:02,consumer,Email,WI
5fff55dabd4dff11dda8f5f1,TRUE,2021-01-13 15:19:38,2021-01-13 15:23:26,consumer,Email,WI
5fff4beedf9ace121f0c17ea,TRUE,2021-01-13 14:37:18,2021-01-13 14:41:12,consumer,Email,WI
5ffe115404929101d0aaebb2,TRUE,2021-01-12 16:15:00,,consumer,Email,AL
5fff26bab3348b03eb45bb22,TRUE,2021-01-13 11:58:34,2021-01-13 11:58:34,consumer,Email,WI
5fff55dabd4dff11dda8f5f1,TRUE,2021-01-13 15:19:38,2021-01-13 15:23:26,consumer,Email,WI
5fff0f4fb3348b03eb45abb0,TRUE,2021-01-13 10:18:39,2021-01-13 10:22:02,consumer,Email,WI
5fff55dabd4dff11dda8f5f1,TRUE,2021-01-13 15:19:38,2021-01-13 15:23:26,consumer,Email,WI
5fff55dabd4dff11dda8f5f1,TRUE,2021-01-13 15:19:38,2021-01-13 15:23:26,consumer,Email,WI
5fff4c7461ffa811fdb0854c,TRUE,2021-01-13 14:39:32,2021-01-13 14:39:33,consumer,Email,WI
5fff26bfb3348b03eb45bb32,TRUE,2021-01-13 11:58:39,2021-01-13 11:58:39,consumer,Email,WI
5fff55dabd4dff11dda8f5f1,TRUE,2021-01-13 15:19:38,2021-01-13 15:23:26,consumer,Email,WI
5fff0f4fb3348b03eb45abb0,TRUE,2021-01-13 10:18:39,2021-01-13 10:22:02,consumer,Email,WI
5fff26f2b3348b03eb45bbb9,TRUE,2021-01-13 11:59:30,2021-01-13 11:59:30,consumer,Email,WI
5fff55dabd4dff11dda8f5f1,TRUE,2021-01-13 15:19:38,2021-01-13 15:23:26,consumer,Email,WI
6000d4bae2571211db395b9f,TRUE,2021-01-14 18:33:14,2021-01-14 18:33:14,consumer,Email,WI
600056a3f7e5b011fce897b0,TRUE,2021-01-14 9:35:15,2021-01-14 9:37:10,consumer,Email,WI
600056a3f7e5b011fce897b0,TRUE,2021-01-14 9:35:15,2021-01-14 9:37:10,consumer,Email,WI
600056a3f7e5b011fce897b0,TRUE,2021-01-14 9:35:15,2021-01-14 9:37:10,consumer,Email,WI
6000d46cfb296c121a81b20c,TRUE,2021-01-14 18:31:56,2021-01-14 18:33:52,consumer,Email,WI
6000b7aefb296c121a8198b1,TRUE,2021-01-14 16:29:18,2021-01-14 16:33:22,consumer,Email,WI
60005709bd4dff11dda90ac1,TRUE,2021-01-14 9:36:57,2021-01-14 9:36:58,consumer,Email,WI
6000b7aefb296c121a8198b1,TRUE,2021-01-14 16:29:18,2021-01-14 16:33:22,consumer,Email,WI
600056a3f7e5b011fce897b0,TRUE,2021-01-14 9:35:15,2021-01-14 9:37:10,consumer,Email,WI
6000b7aefb296c121a8198b1,TRUE,2021-01-14 16:29:18,2021-01-14 16:33:22,consumer,Email,WI
5e27526d0bdb6a138c32b556,TRUE,2020-01-21 14:35:09,,consumer,Google,WI
600056a3f7e5b011fce897b0,TRUE,2021-01-14 9:35:15,2021-01-14 9:37:10,consumer,Email,WI
6000d46cfb296c121a81b20c,TRUE,2021-01-14 18:31:56,2021-01-14 18:33:52,consumer,Email,WI
6000d4abe2571211db395b5c,TRUE,2021-01-14 18:32:59,2021-01-14 18:32:59,consumer,Email,WI
600056d6bd4dff11dda90a3f,TRUE,2021-01-14 9:36:06,2021-01-14 9:36:06,consumer,Email,WI
60005704bd4dff11dda90a9d,TRUE,2021-01-14 9:36:52,2021-01-14 9:36:52,consumer,Email,WI
600056a3f7e5b011fce897b0,TRUE,2021-01-14 9:35:15,2021-01-14 9:37:10,consumer,Email,WI
600056a3f7e5b011fce897b0,TRUE,2021-01-14 9:35:15,2021-01-14 9:37:10,consumer,Email,WI
600056a3f7e5b011fce897b0,TRUE,2021-01-14 9:35:15,2021-01-14 9:37:10,consumer,Email,WI
60005709bd4dff11dda90ac1,TRUE,2021-01-14 9:36:57,2021-01-14 9:36:58,consumer,Email,WI
6002475cfb296c121a81b98d,TRUE,2021-01-15 20:54:36,,consumer,Email,WI
60024f24e257124ec6b99a13,TRUE,2021-01-15 21:27:49,,consumer,Email,WI
60037329e257124ec6b99eeb,TRUE,2021-01-16 18:13:45,,consumer,Email,WI
6000b75bbe5fc96dfee1d4d3,TRUE,2021-01-14 16:27:55,,consumer,Email,AL
6002541ae257124ec6b99a3a,TRUE,2021-01-15 21:48:58,,consumer,Email,WI
6000b75bbe5fc96dfee1d4d3,TRUE,2021-01-14 16:27:55,,consumer,Email,AL
600258dafb296c4ef805d9b7,TRUE,2021-01-15 22:09:14,,consumer,Email,WI
60025c65fb296c4ef805d9e6,TRUE,2021-01-15 22:24:21,,consumer,Email,WI
60037005e257124ec6b99ec2,TRUE,2021-01-16 18:00:21,,consumer,Email,WI
60025c65fb296c4ef805d9e6,TRUE,2021-01-15 22:24:21,,consumer,Email,WI
6000b75bbe5fc96dfee1d4d3,TRUE,2021-01-14 16:27:55,,consumer,Email,AL
6000b75bbe5fc96dfee1d4d3,TRUE,2021-01-14 16:27:55,,consumer,Email,AL
60025c65fb296c4ef805d9e6,TRUE,2021-01-15 22:24:21,,consumer,Email,WI
6000b75bbe5fc96dfee1d4d3,TRUE,2021-01-14 16:27:55,,consumer,Email,AL
6000b75bbe5fc96dfee1d4d3,TRUE,2021-01-14 16:27:55,,consumer,Email,AL
60023de5fb296c121a81b955,TRUE,2021-01-15 20:14:13,,consumer,Email,CO
6002541ae257124ec6b99a3a,TRUE,2021-01-15 21:48:58,,consumer,Email,WI
60049cdce257124ec6b9a353,TRUE,2021-01-17 15:23:56,,consumer,Email,WI
60025fe0e257124ec6b99a87,TRUE,2021-01-15 22:39:13,,consumer,Email,WI
600498c4e257124ec6b9a331,TRUE,2021-01-17 15:06:29,,consumer,Email,WI
6004a5d3fb296c4ef805e256,TRUE,2021-01-17 16:02:11,,consumer,Email,WI
60037a94fb296c4ef805ddbe,TRUE,2021-01-16 18:45:25,,consumer,Email,WI
600495c3fb296c4ef805e1fc,TRUE,2021-01-17 14:53:39,,consumer,Email,WI
6004a965e257124ec6b9a39f,TRUE,2021-01-17 16:17:25,,consumer,Email,WI
6007464b6e64691717e8c1f0,TRUE,2021-01-19 15:51:23,2021-01-19 15:55:08,consumer,Email,WI
6007464b6e64691717e8c1f0,TRUE,2021-01-19 15:51:23,2021-01-19 15:55:08,consumer,Email,WI
600741d06e6469120a787853,TRUE,2021-01-19 15:32:17,2021-01-19 15:39:03,consumer,Email,WI
600748196e64691717e8d4f0,TRUE,2021-01-19 15:59:05,2021-01-19 16:02:42,consumer,Email,WI
600746fd6e64691717e8cfb5,TRUE,2021-01-19 15:54:21,2021-01-19 15:54:21,consumer,Email,WI
60074b49325c8a1794623876,TRUE,2021-01-19 16:12:41,2021-01-19 16:16:09,consumer,Email,WI
60074b49325c8a1794623876,TRUE,2021-01-19 16:12:41,2021-01-19 16:16:09,consumer,Email,WI
60074b996e64691717e8f11a,TRUE,2021-01-19 16:14:01,2021-01-19 16:14:02,consumer,Email,WI
600748196e64691717e8d4f0,TRUE,2021-01-19 15:59:05,2021-01-19 16:02:42,consumer,Email,WI
600741d06e6469120a787853,TRUE,2021-01-19 15:32:17,2021-01-19 15:39:03,consumer,Email,WI
600741d06e6469120a787853,TRUE,2021-01-19 15:32:17,2021-01-19 15:39:03,consumer,Email,WI
600741d06e6469120a787853,TRUE,2021-01-19 15:32:17,2021-01-19 15:39:03,consumer,Email,WI
600741d06e6469120a787853,TRUE,2021-01-19 15:32:17,2021-01-19 15:39:03,consumer,Email,WI
600748196e64691717e8d4f0,TRUE,2021-01-19 15:59:05,2021-01-19 16:02:42,consumer,Email,WI
600741d06e6469120a787853,TRUE,2021-01-19 15:32:17,2021-01-19 15:39:03,consumer,Email,WI
6007464b6e64691717e8c1f0,TRUE,2021-01-19 15:51:23,2021-01-19 15:55:08,consumer,Email,WI
600748196e64691717e8d4f0,TRUE,2021-01-19 15:59:05,2021-01-19 16:02:42,consumer,Email,WI
60074246325c8a12289e22a0,TRUE,2021-01-19 15:34:15,2021-01-19 15:34:15,consumer,Email,WI
60074883325c8a1794622a12,TRUE,2021-01-19 16:00:51,2021-01-19 16:00:51,consumer,Email,WI
6006f786fb296c7f688530f8,TRUE,2021-01-19 10:15:18,,consumer,Email,AL
60088d55633aab121bb8e41a,TRUE,2021-01-20 15:06:45,2021-01-20 15:07:54,consumer,Email,WI
6008893b633aab121bb8e0a9,TRUE,2021-01-20 14:49:15,2021-01-20 14:50:33,consumer,Email,WI
6008893b633aab121bb8e0a9,TRUE,2021-01-20 14:49:15,2021-01-20 14:50:33,consumer,Email,WI
60083a1e325c8a17946255de,TRUE,2021-01-20 9:11:42,2021-01-20 9:15:04,consumer,Email,WI
6008896c633aab121bb8e11d,TRUE,2021-01-20 14:50:04,,consumer,Email,WI
60086a09b6310511daa4e1e9,TRUE,2021-01-20 12:36:09,2021-01-20 12:36:10,consumer,Email,WI
60088d55633aab121bb8e41a,TRUE,2021-01-20 15:06:45,2021-01-20 15:07:54,consumer,Email,WI
60088e5d633aab121bb8e5cf,TRUE,2021-01-20 15:11:09,2021-01-20 15:11:10,consumer,Email,WI
60085b3dbe5fc90ee6a67b11,TRUE,2021-01-20 11:33:01,2021-01-20 11:36:54,consumer,Email,WI
60088e44b6310511daa4ef80,TRUE,2021-01-20 15:10:44,2021-01-20 15:11:55,consumer,Email,WI
6008893b633aab121bb8e0a9,TRUE,2021-01-20 14:49:15,2021-01-20 14:50:33,consumer,Email,WI
6008893b633aab121bb8e0a9,TRUE,2021-01-20 14:49:15,2021-01-20 14:50:33,consumer,Email,WI
60088d84633aab121bb8e4a6,TRUE,2021-01-20 15:07:32,2021-01-20 15:07:32,consumer,Email,WI
6008873eb6310511daa4e8eb,TRUE,2021-01-20 14:40:46,2021-01-20 14:42:58,consumer,Email,WI
60086978633aab121bb8c895,TRUE,2021-01-20 12:33:44,2021-01-20 12:37:31,consumer,Email,WI
60088a25b6310511daa4ec42,TRUE,2021-01-20 14:53:09,2021-01-20 14:54:22,consumer,Email,WI
6008622ebe5fc9247bab4eb9,FALSE,2021-01-20 12:02:38,2021-01-20 12:02:38,consumer,Email,WI
6008893b633aab121bb8e0a9,TRUE,2021-01-20 14:49:15,2021-01-20 14:50:33,consumer,Email,WI
6008897ab6310511daa4ebdc,TRUE,2021-01-20 14:50:18,2021-01-20 14:50:18,consumer,Email,WI
60088a46b6310511daa4ec97,TRUE,2021-01-20 14:53:42,2021-01-20 14:53:42,consumer,Email,WI
600987d77d983a11f63cfa92,TRUE,2021-01-21 8:55:35,2021-01-21 8:59:21,consumer,Email,WI
600987d77d983a11f63cfa92,TRUE,2021-01-21 8:55:35,2021-01-21 8:59:21,consumer,Email,WI
600987d77d983a11f63cfa92,TRUE,2021-01-21 8:55:35,2021-01-21 8:59:21,consumer,Email,WI
6008f02fb6310511daa4f314,TRUE,2021-01-20 22:08:31,,consumer,Email,IL
600988557d983a11f63d08ef,TRUE,2021-01-21 8:57:41,2021-01-21 8:57:41,consumer,Email,WI
6009885c50b33111fd61eee9,TRUE,2021-01-21 8:57:48,2021-01-21 8:57:48,consumer,Email,WI
600987d77d983a11f63cfa92,TRUE,2021-01-21 8:55:35,2021-01-21 8:59:21,consumer,Email,WI
6009e60450b3311194385009,TRUE,2021-01-21 15:37:25,,consumer,Email,WI
6009e60450b3311194385009,TRUE,2021-01-21 15:37:25,,consumer,Email,WI
6008d447b6310511daa4f281,TRUE,2021-01-20 20:09:27,,consumer,Email,WI
6009e60450b3311194385009,TRUE,2021-01-21 15:37:25,,consumer,Email,WI
600987d77d983a11f63cfa92,TRUE,2021-01-21 8:55:35,2021-01-21 8:59:21,consumer,Email,WI
60099c1450b33111fd61f702,TRUE,2021-01-21 10:21:56,,consumer,Email,WI
600987d77d983a11f63cfa92,TRUE,2021-01-21 8:55:35,2021-01-21 8:59:21,consumer,Email,WI
6008e9cdb6310511daa4f2e4,TRUE,2021-01-20 21:41:17,,consumer,Email,IL
600987d77d983a11f63cfa92,TRUE,2021-01-21 8:55:35,2021-01-21 8:59:21,consumer,Email,WI
600a03e17d983a124e9adb0f,TRUE,2021-01-21 17:44:49,,consumer,Email,WI
600987d77d983a11f63cfa92,TRUE,2021-01-21 8:55:35,2021-01-21 8:59:21,consumer,Email,WI
600987d77d983a11f63cfa92,TRUE,2021-01-21 8:55:35,2021-01-21 8:59:21,consumer,Email,WI
600992d17d983a11f63d11ad,TRUE,2021-01-21 9:42:25,,consumer,Email,WI
600b477e7d983a124e9ae061,TRUE,2021-01-22 16:45:34,,consumer,Email,WI
600f008f4329897eac237bd8,TRUE,2021-01-25 12:31:59,2021-01-25 12:35:51,consumer,Email,WI
600f008f4329897eac237bd8,TRUE,2021-01-25 12:31:59,2021-01-25 12:35:51,consumer,Email,WI
600f008f4329897eac237bd8,TRUE,2021-01-25 12:31:59,2021-01-25 12:35:51,consumer,Email,WI
600ed4815edb7811cde6b50b,TRUE,2021-01-25 9:24:01,2021-01-25 9:24:02,consumer,Email,WI
600f008f4329897eac237bd8,TRUE,2021-01-25 12:31:59,2021-01-25 12:35:51,consumer,Email,WI
600f41b2bd196811e68ea219,TRUE,2021-01-25 17:09:55,2021-01-25 17:16:29,consumer,Email,WI
600f20c15edb787dce060911,TRUE,2021-01-25 14:49:21,,consumer,Email,WI
600f47f06fd0dc1768a34a12,TRUE,2021-01-25 17:36:32,2021-01-25 17:40:13,consumer,Email,WI
600ed42e43298911ce45d1fa,TRUE,2021-01-25 9:22:39,2021-01-25 9:29:24,consumer,Email,WI
600ed42e43298911ce45d1fa,TRUE,2021-01-25 9:22:39,2021-01-25 9:29:24,consumer,Email,WI
600f41b2bd196811e68ea219,TRUE,2021-01-25 17:09:55,2021-01-25 17:16:29,consumer,Email,WI
600ed42e43298911ce45d1fa,TRUE,2021-01-25 9:22:39,2021-01-25 9:29:24,consumer,Email,WI
600f008f4329897eac237bd8,TRUE,2021-01-25 12:31:59,2021-01-25 12:35:51,consumer,Email,WI
600f008f4329897eac237bd8,TRUE,2021-01-25 12:31:59,2021-01-25 12:35:51,consumer,Email,WI
600eea525edb7811cde6c81c,TRUE,2021-01-25 10:57:07,,consumer,Email,WI
600f008f4329897eac237bd8,TRUE,2021-01-25 12:31:59,2021-01-25 12:35:51,consumer,Email,WI
600ed48a5edb7811cde6b549,TRUE,2021-01-25 9:24:10,2021-01-25 9:24:11,consumer,Email,WI
600f47f06fd0dc1768a34a12,TRUE,2021-01-25 17:36:32,2021-01-25 17:40:13,consumer,Email,WI
600f47f06fd0dc1768a34a12,TRUE,2021-01-25 17:36:32,2021-01-25 17:40:13,consumer,Email,WI
600ed42e43298911ce45d1fa,TRUE,2021-01-25 9:22:39,2021-01-25 9:29:24,consumer,Email,WI
600fb1ac73c60b12049027bb,TRUE,2021-01-26 1:07:40,2021-01-26 1:11:23,consumer,Email,WI
600fb1ac73c60b12049027bb,TRUE,2021-01-26 1:07:40,2021-01-26 1:11:23,consumer,Email,WI
600fb1ac73c60b12049027bb,TRUE,2021-01-26 1:07:40,2021-01-26 1:11:23,consumer,Email,WI
600fb1ac73c60b12049027bb,TRUE,2021-01-26 1:07:40,2021-01-26 1:11:23,consumer,Email,WI
600fb1ac73c60b12049027bb,TRUE,2021-01-26 1:07:40,2021-01-26 1:11:23,consumer,Email,WI
600fb1ec73c60b1204902af4,TRUE,2021-01-26 1:08:44,2021-01-26 1:08:44,consumer,Email,WI
600fb1ac73c60b12049027bb,TRUE,2021-01-26 1:07:40,2021-01-26 1:11:23,consumer,Email,WI
600fb1ac73c60b12049027bb,TRUE,2021-01-26 1:07:40,2021-01-26 1:11:23,consumer,Email,WI
600fb1ac73c60b12049027bb,TRUE,2021-01-26 1:07:40,2021-01-26 1:11:23,consumer,Email,WI
600fb1ac73c60b12049027bb,TRUE,2021-01-26 1:07:40,2021-01-26 1:11:23,consumer,Email,WI
600fb1ac73c60b12049027bb,TRUE,2021-01-26 1:07:40,2021-01-26 1:11:23,consumer,Email,WI
600fb1ac73c60b12049027bb,TRUE,2021-01-26 1:07:40,2021-01-26 1:11:23,consumer,Email,WI
600fb1e4a4b74c120bd18777,TRUE,2021-01-26 1:08:36,2021-01-26 1:08:37,consumer,Email,WI
600fb1ac73c60b12049027bb,TRUE,2021-01-26 1:07:40,2021-01-26 1:11:23,consumer,Email,WI
600fb1ac73c60b12049027bb,TRUE,2021-01-26 1:07:40,2021-01-26 1:11:23,consumer,Email,WI
600fb1ac73c60b12049027bb,TRUE,2021-01-26 1:07:40,2021-01-26 1:11:23,consumer,Email,WI
600fb1ac73c60b12049027bb,TRUE,2021-01-26 1:07:40,2021-01-26 1:11:23,consumer,Email,WI
600fb1ac73c60b12049027bb,TRUE,2021-01-26 1:07:40,2021-01-26 1:11:23,consumer,Email,WI
6011f33173c60b1804ce1102,TRUE,2021-01-27 18:11:45,2021-01-27 18:11:46,consumer,Email,WI
6011f43ba4b74c18d3a8ca01,TRUE,2021-01-27 18:16:11,2021-01-27 18:16:12,consumer,Email,WI
6011f31ea4b74c18d3a8c476,TRUE,2021-01-27 18:11:26,2021-01-27 18:16:11,consumer,Email,WI
6011f31ea4b74c18d3a8c476,TRUE,2021-01-27 18:11:26,2021-01-27 18:16:11,consumer,Email,WI
6011f31ea4b74c18d3a8c476,TRUE,2021-01-27 18:11:26,2021-01-27 18:16:11,consumer,Email,WI
6011f42773c60b1804ce1607,TRUE,2021-01-27 18:15:51,2021-01-27 18:15:52,consumer,Email,WI
60118bcfa4b74c18d3a8c0d7,TRUE,2021-01-27 10:50:39,2021-01-27 10:52:41,consumer,Email,WI
6010be65a4b74c120bd19edc,TRUE,2021-01-26 20:14:13,2021-01-26 20:14:13,consumer,Email,WI
6010bddaa4b74c120bd19dfb,TRUE,2021-01-26 20:11:54,2021-01-26 20:14:25,consumer,Email,WI
60118c0fa4b74c18d3a8c151,TRUE,2021-01-27 10:51:43,2021-01-27 10:51:43,consumer,Email,WI
6011f33173c60b1804ce1102,TRUE,2021-01-27 18:11:45,2021-01-27 18:11:46,consumer,Email,WI
6010bddaa4b74c120bd19dfb,TRUE,2021-01-26 20:11:54,2021-01-26 20:14:25,consumer,Email,WI
6011f33173c60b1804ce1102,TRUE,2021-01-27 18:11:45,2021-01-27 18:11:46,consumer,Email,WI
60118bcfa4b74c18d3a8c0d7,TRUE,2021-01-27 10:50:39,2021-01-27 10:52:41,consumer,Email,WI
6010bddaa4b74c120bd19dfb,TRUE,2021-01-26 20:11:54,2021-01-26 20:14:25,consumer,Email,WI
60118bcfa4b74c18d3a8c0d7,TRUE,2021-01-27 10:50:39,2021-01-27 10:52:41,consumer,Email,WI
6011f31ea4b74c18d3a8c476,TRUE,2021-01-27 18:11:26,2021-01-27 18:16:11,consumer,Email,WI
6010be6673c60b12049040ef,TRUE,2021-01-26 20:14:14,2021-01-26 20:14:15,consumer,Email,WI
6011f33173c60b1804ce1102,TRUE,2021-01-27 18:11:45,2021-01-27 18:11:46,consumer,Email,WI
6010be6173c60b12049040d7,TRUE,2021-01-26 20:14:09,2021-01-26 20:14:09,consumer,Email,WI
60132acb73c60b3ca7f3ba32,TRUE,2021-01-28 16:21:15,2021-01-28 16:25:01,consumer,Email,WI
60132acb73c60b3ca7f3ba32,TRUE,2021-01-28 16:21:15,2021-01-28 16:25:01,consumer,Email,WI
600f00d05edb787dce05fb84,TRUE,2021-01-25 12:33:04,,consumer,Email,WI
60132acb73c60b3ca7f3ba32,TRUE,2021-01-28 16:21:15,2021-01-28 16:25:01,consumer,Email,WI
600f00d05edb787dce05fb84,TRUE,2021-01-25 12:33:04,,consumer,Email,WI
60132b85a4b74c3cbc516295,TRUE,2021-01-28 16:24:21,2021-01-28 16:24:21,consumer,Email,WI
60132b8b73c60b3ca7f3baee,TRUE,2021-01-28 16:24:27,2021-01-28 16:24:27,consumer,Email,WI
600f19914329897eac238fef,TRUE,2021-01-25 14:18:41,,consumer,Email,WI
6014558767804a1228b20d00,TRUE,2021-01-29 13:35:51,2021-01-29 13:35:51,consumer,Email,WI
601465c567804a1228b20f89,TRUE,2021-01-29 14:45:09,2021-01-29 14:45:09,consumer,Email,WI
60145a3c84231211ce796c5d,TRUE,2021-01-29 13:55:56,2021-01-29 13:58:36,consumer,Email,WI
6014499c67804a1228b1f5b0,TRUE,2021-01-29 12:45:00,2021-01-29 13:00:01,consumer,Email,WI
600f35015edb782098e2ac1b,TRUE,2021-01-25 16:15:46,,consumer,Email,WI
60147001c8b50e11d8453c36,TRUE,2021-01-29 15:28:49,2021-01-29 15:28:49,consumer,Email,WI
60145a5584231211ce796cac,TRUE,2021-01-29 13:56:21,2021-01-29 13:56:21,consumer,Email,WI
6014558767804a1228b20d00,TRUE,2021-01-29 13:35:51,2021-01-29 13:35:51,consumer,Email,WI
6014319173c60b3ca7f3bf01,TRUE,2021-01-29 11:02:25,2021-01-29 11:05:28,consumer,Email,WI
6014558467804a1228b20cf0,TRUE,2021-01-29 13:35:48,2021-01-29 13:35:48,consumer,Email,WI
6014485b84231211ce793d79,TRUE,2021-01-29 12:39:39,2021-01-29 12:43:11,consumer,Email,WI
601431c173c60b3ca7f3bf63,TRUE,2021-01-29 11:03:13,2021-01-29 11:03:13,consumer,Email,WI
601465a884231211ce796db3,TRUE,2021-01-29 14:44:40,2021-01-29 14:44:40,consumer,Email,WI
60145ff384231211ce796d51,TRUE,2021-01-29 14:20:19,,consumer,Email,
60146f2ac8b50e11d8452661,TRUE,2021-01-29 15:25:14,2021-01-29 15:29:08,consumer,Email,WI
60145a3c84231211ce796c5d,TRUE,2021-01-29 13:55:56,2021-01-29 13:58:36,consumer,Email,WI
6014658e67804a1228b20ef4,TRUE,2021-01-29 14:44:14,2021-01-29 14:46:07,consumer,Email,WI
601442ce67804a1228b1dc41,TRUE,2021-01-29 12:15:58,2021-01-29 12:18:54,consumer,Email,WI
601465a584231211ce796da5,TRUE,2021-01-29 14:44:37,2021-01-29 14:44:37,consumer,Email,WI
60145ff384231211ce796d51,TRUE,2021-01-29 14:20:19,,consumer,Email,
60147d2ac8b50e11d8453f53,TRUE,2021-01-29 16:24:58,,consumer,Email,OH
60147d2ac8b50e11d8453f53,TRUE,2021-01-29 16:24:58,,consumer,Email,OH
601890a99a1b091205b61ced,TRUE,2021-02-01 18:37:13,2021-02-01 18:37:13,consumer,Email,WI
60183090c8b50e11d84549c0,TRUE,2021-02-01 11:47:12,2021-02-01 11:48:32,consumer,Email,WI
60183090c8b50e11d84549c0,TRUE,2021-02-01 11:47:12,2021-02-01 11:48:32,consumer,Email,WI
60147d2ac8b50e11d8453f53,TRUE,2021-01-29 16:24:58,,consumer,Email,OH
60182f4ac8b50e11d8454946,TRUE,2021-02-01 11:41:46,2021-02-01 11:41:46,consumer,Email,WI
60182d6dc8b50e11d84547b2,TRUE,2021-02-01 11:33:49,2021-02-01 11:36:01,consumer,Email,WI
60147d2ac8b50e11d8453f53,TRUE,2021-01-29 16:24:58,,consumer,Email,OH
60183c579a1b091205b61a5f,TRUE,2021-02-01 12:37:27,2021-02-01 12:39:27,consumer,Email,WI
60147d2ac8b50e11d8453f53,TRUE,2021-01-29 16:24:58,,consumer,Email,OH
60189c94c8b50e11d8454f6b,TRUE,2021-02-01 19:28:04,2021-02-01 19:28:04,consumer,Email,WI
60189c74c8b50e11d8454eff,TRUE,2021-02-01 19:27:32,2021-02-01 19:29:09,consumer,Email,WI
60189c74c8b50e11d8454eff,TRUE,2021-02-01 19:27:32,2021-02-01 19:29:09,consumer,Email,WI
60189c94c8b50e11d8454f6b,TRUE,2021-02-01 19:28:04,2021-02-01 19:28:04,consumer,Email,WI
60189c74c8b50e11d8454eff,TRUE,2021-02-01 19:27:32,2021-02-01 19:29:09,consumer,Email,WI
60189c74c8b50e11d8454eff,TRUE,2021-02-01 19:27:32,2021-02-01 19:29:09,consumer,Email,WI
60189c88c8b50e11d8454f2f,TRUE,2021-02-01 19:27:52,2021-02-01 19:27:52,consumer,Email,WI
60189c74c8b50e11d8454eff,TRUE,2021-02-01 19:27:32,2021-02-01 19:29:09,consumer,Email,WI
60189c859a1b091205b61de1,TRUE,2021-02-01 19:27:49,2021-02-01 19:27:49,consumer,Email,WI
60189c74c8b50e11d8454eff,TRUE,2021-02-01 19:27:32,2021-02-01 19:29:09,consumer,Email,WI
60189c74c8b50e11d8454eff,TRUE,2021-02-01 19:27:32,2021-02-01 19:29:09,consumer,Email,WI
60189c94c8b50e11d8454f6b,TRUE,2021-02-01 19:28:04,2021-02-01 19:28:04,consumer,Email,WI
60189c94c8b50e11d8454f6b,TRUE,2021-02-01 19:28:04,2021-02-01 19:28:04,consumer,Email,WI
60186237c8b50e11d8454d5f,TRUE,2021-02-01 15:19:03,,consumer,Email,
60186237c8b50e11d8454d5f,TRUE,2021-02-01 15:19:03,,consumer,Email,
601ac1da591789121574dc07,TRUE,2021-02-03 10:31:38,2021-02-03 10:31:38,consumer,Email,WI
60186237c8b50e11d8454d5f,TRUE,2021-02-01 15:19:03,,consumer,Email,
60183e6c9a1b091205b61b49,TRUE,2021-02-01 12:46:20,,consumer,Email,SC
601ac195af4b1a1205f7560f,TRUE,2021-02-03 10:30:29,2021-02-03 10:34:11,consumer,Email,WI
60186237c8b50e11d8454d5f,TRUE,2021-02-01 15:19:03,,consumer,Email,
60186237c8b50e11d8454d5f,TRUE,2021-02-01 15:19:03,,consumer,Email,
601c6887969c0b11f7d0c81f,TRUE,2021-02-04 16:35:03,2021-02-04 16:36:30,consumer,Email,WI
601c68d229c30a1227ada484,TRUE,2021-02-04 16:36:18,2021-02-04 16:36:18,consumer,Email,WI
601c2c05969c0b11f7d0b097,TRUE,2021-02-04 12:16:53,2021-02-04 12:20:30,consumer,Email,WI
601c2c6a29c30a1227ad93bd,TRUE,2021-02-04 12:18:34,2021-02-04 12:18:34,consumer,Email,WI
601c2c05969c0b11f7d0b097,TRUE,2021-02-04 12:16:53,2021-02-04 12:20:30,consumer,Email,WI
55308179e4b0eabd8f99caa2,TRUE,2015-04-16 23:43:53,2018-05-07 13:23:40,consumer,,WI
60217fa799409b11fcf899fe,TRUE,2021-02-08 13:15:03,,consumer,Email,WI
602176c9b57b8a12187fe77e,TRUE,2021-02-08 12:37:13,2021-02-08 12:37:13,consumer,Email,WI
602176a3b57b8a12187fe717,TRUE,2021-02-08 12:36:35,2021-02-08 12:36:35,consumer,Email,WI
6022998599409b11fcf89c53,TRUE,2021-02-09 9:17:41,2021-02-09 9:18:58,consumer,Email,WI
60229990b57b8a12187fe9e0,TRUE,2021-02-09 9:17:52,2021-02-09 9:17:52,consumer,Email,WI
60229990b57b8a12187fe9e0,TRUE,2021-02-09 9:17:52,2021-02-09 9:17:52,consumer,Email,WI
59c124bae4b0299e55b0f330,TRUE,2017-09-19 10:07:54,2021-02-08 11:42:58,fetch-staff,,WI
59c124bae4b0299e55b0f330,TRUE,2017-09-19 10:07:54,2021-02-08 11:42:58,fetch-staff,,WI
59c124bae4b0299e55b0f330,TRUE,2017-09-19 10:07:54,2021-02-08 11:42:58,fetch-staff,,WI
59c124bae4b0299e55b0f330,TRUE,2017-09-19 10:07:54,2021-02-08 11:42:58,fetch-staff,,WI
59c124bae4b0299e55b0f330,TRUE,2017-09-19 10:07:54,2021-02-08 11:42:58,fetch-staff,,WI
59c124bae4b0299e55b0f330,TRUE,2017-09-19 10:07:54,2021-02-08 11:42:58,fetch-staff,,WI
59c124bae4b0299e55b0f330,TRUE,2017-09-19 10:07:54,2021-02-08 11:42:58,fetch-staff,,WI
59c124bae4b0299e55b0f330,TRUE,2017-09-19 10:07:54,2021-02-08 11:42:58,fetch-staff,,WI
59c124bae4b0299e55b0f330,TRUE,2017-09-19 10:07:54,2021-02-08 11:42:58,fetch-staff,,WI
6024399defa60112282c0ac9,TRUE,2021-02-10 14:53:01,2021-02-10 14:53:02,consumer,Email,WI
59c124bae4b0299e55b0f330,TRUE,2017-09-19 10:07:54,2021-02-08 11:42:58,fetch-staff,,WI
59c124bae4b0299e55b0f330,TRUE,2017-09-19 10:07:54,2021-02-08 11:42:58,fetch-staff,,WI
59c124bae4b0299e55b0f330,TRUE,2017-09-19 10:07:54,2021-02-08 11:42:58,fetch-staff,,WI
5f2068904928021530f8fc34,TRUE,2020-07-28 14:04:00,2021-02-04 10:30:05,fetch-staff,Email,WI
59c124bae4b0299e55b0f330,TRUE,2017-09-19 10:07:54,2021-02-08 11:42:58,fetch-staff,,WI
59c124bae4b0299e55b0f330,TRUE,2017-09-19 10:07:54,2021-02-08 11:42:58,fetch-staff,,WI
59c124bae4b0299e55b0f330,TRUE,2017-09-19 10:07:54,2021-02-08 11:42:58,fetch-staff,,WI
59c124bae4b0299e55b0f330,TRUE,2017-09-19 10:07:54,2021-02-08 11:42:58,fetch-staff,,WI
59c124bae4b0299e55b0f330,TRUE,2017-09-19 10:07:54,2021-02-08 11:42:58,fetch-staff,,WI
59c124bae4b0299e55b0f330,TRUE,2017-09-19 10:07:54,2021-02-08 11:42:58,fetch-staff,,WI
602558b1efa60114d20e5dc7,TRUE,2021-02-11 11:17:53,2021-02-11 11:17:53,consumer,Email,WI
602538adb54593795bf692ac,TRUE,2021-02-11 9:01:17,2021-02-11 9:01:17,consumer,Email,WI
60255883efa60114d20e5d4e,TRUE,2021-02-11 11:17:07,2021-02-11 11:18:29,consumer,Email,WI
602558adb5459313e1e9b7ce,TRUE,2021-02-11 11:17:49,2021-02-11 11:17:49,consumer,Email,WI
6025388fb54593795bf69234,TRUE,2021-02-11 9:00:47,2021-02-11 9:00:47,consumer,Email,WI
5fb0a078be5fc9775c1f3945,TRUE,2020-11-14 22:28:56,,consumer,Google,AL
60268c7aefa6011bb1510786,TRUE,2021-02-12 9:11:06,2021-02-12 9:11:06,consumer,Email,WI
5a43c08fe4b014fd6b6a0612,TRUE,2017-12-27 10:47:27,2021-02-12 11:22:37,consumer,,
5a43c08fe4b014fd6b6a0612,TRUE,2017-12-27 10:47:27,2021-02-12 11:22:37,consumer,,
5a43c08fe4b014fd6b6a0612,TRUE,2017-12-27 10:47:27,2021-02-12 11:22:37,consumer,,
5a43c08fe4b014fd6b6a0612,TRUE,2017-12-27 10:47:27,2021-02-12 11:22:37,consumer,,
5a43c08fe4b014fd6b6a0612,TRUE,2017-12-27 10:47:27,2021-02-12 11:22:37,consumer,,
60268c69efa6011bb151075f,TRUE,2021-02-12 9:10:49,2021-02-12 9:12:07,consumer,Email,WI
5a43c08fe4b014fd6b6a0612,TRUE,2017-12-27 10:47:27,2021-02-12 11:22:37,consumer,,
5fb0a078be5fc9775c1f3945,TRUE,2020-11-14 22:28:56,,consumer,Google,AL
5a43c08fe4b014fd6b6a0612,TRUE,2017-12-27 10:47:27,2021-02-12 11:22:37,consumer,,
5a43c08fe4b014fd6b6a0612,TRUE,2017-12-27 10:47:27,2021-02-12 11:22:37,consumer,,
5fbc35711d967d1222cbfefc,TRUE,2020-11-23 17:19:29,2021-02-25 23:25:51,fetch-staff,Email,
5fbc35711d967d1222cbfefc,TRUE,2020-11-23 17:19:29,2021-02-25 23:25:51,fetch-staff,Email,
5fbc35711d967d1222cbfefc,TRUE,2020-11-23 17:19:29,2021-02-25 23:25:51,fetch-staff,Email,
5fc961c3b8cfca11a077dd33,TRUE,2020-12-03 17:08:03,2021-02-26 17:39:16,fetch-staff,Email,NH
5fc961c3b8cfca11a077dd33,TRUE,2020-12-03 17:08:03,2021-02-26 17:39:16,fetch-staff,Email,NH
5fc961c3b8cfca11a077dd33,TRUE,2020-12-03 17:08:03,2021-02-26 17:39:16,fetch-staff,Email,NH
5fc961c3b8cfca11a077dd33,TRUE,2020-12-03 17:08:03,2021-02-26 17:39:16,fetch-staff,Email,NH
5fc961c3b8cfca11a077dd33,TRUE,2020-12-03 17:08:03,2021-02-26 17:39:16,fetch-staff,Email,NH
5fc961c3b8cfca11a077dd33,TRUE,2020-12-03 17:08:03,2021-02-26 17:39:16,fetch-staff,Email,NH
5fc961c3b8cfca11a077dd33,TRUE,2020-12-03 17:08:03,2021-02-26 17:39:16,fetch-staff,Email,NH
5fc961c3b8cfca11a077dd33,TRUE,2020-12-03 17:08:03,2021-02-26 17:39:16,fetch-staff,Email,NH
5fc961c3b8cfca11a077dd33,TRUE,2020-12-03 17:08:03,2021-02-26 17:39:16,fetch-staff,Email,NH
5fc961c3b8cfca11a077dd33,TRUE,2020-12-03 17:08:03,2021-02-26 17:39:16,fetch-staff,Email,NH
5fc961c3b8cfca11a077dd33,TRUE,2020-12-03 17:08:03,2021-02-26 17:39:16,fetch-staff,Email,NH
5fc961c3b8cfca11a077dd33,TRUE,2020-12-03 17:08:03,2021-02-26 17:39:16,fetch-staff,Email,NH
5fc961c3b8cfca11a077dd33,TRUE,2020-12-03 17:08:03,2021-02-26 17:39:16,fetch-staff,Email,NH
5fc961c3b8cfca11a077dd33,TRUE,2020-12-03 17:08:03,2021-02-26 17:39:16,fetch-staff,Email,NH
5fc961c3b8cfca11a077dd33,TRUE,2020-12-03 17:08:03,2021-02-26 17:39:16,fetch-staff,Email,NH
5fc961c3b8cfca11a077dd33,TRUE,2020-12-03 17:08:03,2021-02-26 17:39:16,fetch-staff,Email,NH
5fc961c3b8cfca11a077dd33,TRUE,2020-12-03 17:08:03,2021-02-26 17:39:16,fetch-staff,Email,NH
5fc961c3b8cfca11a077dd33,TRUE,2020-12-03 17:08:03,2021-02-26 17:39:16,fetch-staff,Email,NH
5fc961c3b8cfca11a077dd33,TRUE,2020-12-03 17:08:03,2021-02-26 17:39:16,fetch-staff,Email,NH
5fc961c3b8cfca11a077dd33,TRUE,2020-12-03 17:08:03,2021-02-26 17:39:16,fetch-staff,Email,NH
5fa41775898c7a11a6bcef3e,TRUE,2020-11-05 10:17:09,2021-03-04 11:02:02,fetch-staff,Email,
5fa32b4d898c7a11a6bcebce,TRUE,2020-11-04 17:29:33,2021-03-04 2:21:58,fetch-staff,Google,AL
5fa41775898c7a11a6bcef3e,TRUE,2020-11-05 10:17:09,2021-03-04 11:02:02,fetch-staff,Email,
5fa41775898c7a11a6bcef3e,TRUE,2020-11-05 10:17:09,2021-03-04 11:02:02,fetch-staff,Email,
5fa41775898c7a11a6bcef3e,TRUE,2020-11-05 10:17:09,2021-03-04 11:02:02,fetch-staff,Email,
5fa41775898c7a11a6bcef3e,TRUE,2020-11-05 10:17:09,2021-03-04 11:02:02,fetch-staff,Email,
5fa41775898c7a11a6bcef3e,TRUE,2020-11-05 10:17:09,2021-03-04 11:02:02,fetch-staff,Email,
5964eb07e4b03efd0c0f267b,TRUE,2017-07-11 11:13:11,2021-03-04 14:07:49,fetch-staff,,IL
5fa41775898c7a11a6bcef3e,TRUE,2020-11-05 10:17:09,2021-03-04 11:02:02,fetch-staff,Email,
5fa41775898c7a11a6bcef3e,TRUE,2020-11-05 10:17:09,2021-03-04 11:02:02,fetch-staff,Email,
5fa41775898c7a11a6bcef3e,TRUE,2020-11-05 10:17:09,2021-03-04 11:02:02,fetch-staff,Email,
5fa41775898c7a11a6bcef3e,TRUE,2020-11-05 10:17:09,2021-03-04 11:02:02,fetch-staff,Email,
5fa41775898c7a11a6bcef3e,TRUE,2020-11-05 10:17:09,2021-03-04 11:02:02,fetch-staff,Email,
5fa41775898c7a11a6bcef3e,TRUE,2020-11-05 10:17:09,2021-03-04 11:02:02,fetch-staff,Email,
5fa41775898c7a11a6bcef3e,TRUE,2020-11-05 10:17:09,2021-03-04 11:02:02,fetch-staff,Email,
5fa41775898c7a11a6bcef3e,TRUE,2020-11-05 10:17:09,2021-03-04 11:02:02,fetch-staff,Email,
5fa41775898c7a11a6bcef3e,TRUE,2020-11-05 10:17:09,2021-03-04 11:02:02,fetch-staff,Email,
5fa41775898c7a11a6bcef3e,TRUE,2020-11-05 10:17:09,2021-03-04 11:02:02,fetch-staff,Email,
5fa41775898c7a11a6bcef3e,TRUE,2020-11-05 10:17:09,2021-03-04 11:02:02,fetch-staff,Email,
5fa41775898c7a11a6bcef3e,TRUE,2020-11-05 10:17:09,2021-03-04 11:02:02,fetch-staff,Email,
54943462e4b07e684157a532,TRUE,2014-12-19 9:21:22,2021-03-05 11:52:23,fetch-staff,,
54943462e4b07e684157a532,TRUE,2014-12-19 9:21:22,2021-03-05 11:52:23,fetch-staff,,
54943462e4b07e684157a532,TRUE,2014-12-19 9:21:22,2021-03-05 11:52:23,fetch-staff,,
54943462e4b07e684157a532,TRUE,2014-12-19 9:21:22,2021-03-05 11:52:23,fetch-staff,,
54943462e4b07e684157a532,TRUE,2014-12-19 9:21:22,2021-03-05 11:52:23,fetch-staff,,
54943462e4b07e684157a532,TRUE,2014-12-19 9:21:22,2021-03-05 11:52:23,fetch-staff,,
54943462e4b07e684157a532,TRUE,2014-12-19 9:21:22,2021-03-05 11:52:23,fetch-staff,,
54943462e4b07e684157a532,TRUE,2014-12-19 9:21:22,2021-03-05 11:52:23,fetch-staff,,
54943462e4b07e684157a532,TRUE,2014-12-19 9:21:22,2021-03-05 11:52:23,fetch-staff,,
54943462e4b07e684157a532,TRUE,2014-12-19 9:21:22,2021-03-05 11:52:23,fetch-staff,,
54943462e4b07e684157a532,TRUE,2014-12-19 9:21:22,2021-03-05 11:52:23,fetch-staff,,
54943462e4b07e684157a532,TRUE,2014-12-19 9:21:22,2021-03-05 11:52:23,fetch-staff,,
54943462e4b07e684157a532,TRUE,2014-12-19 9:21:22,2021-03-05 11:52:23,fetch-staff,,
54943462e4b07e684157a532,TRUE,2014-12-19 9:21:22,2021-03-05 11:52:23,fetch-staff,,
54943462e4b07e684157a532,TRUE,2014-12-19 9:21:22,2021-03-05 11:52:23,fetch-staff,,
54943462e4b07e684157a532,TRUE,2014-12-19 9:21:22,2021-03-05 11:52:23,fetch-staff,,
54943462e4b07e684157a532,TRUE,2014-12-19 9:21:22,2021-03-05 11:52:23,fetch-staff,,
54943462e4b07e684157a532,TRUE,2014-12-19 9:21:22,2021-03-05 11:52:23,fetch-staff,,
54943462e4b07e684157a532,TRUE,2014-12-19 9:21:22,2021-03-05 11:52:23,fetch-staff,,
54943462e4b07e684157a532,TRUE,2014-12-19 9:21:22,2021-03-05 11:52:23,fetch-staff,,
